ad_id,region,percentage
900439277244053,Drenthe,0.0235
900439277244053,Friesland,0.026236
900439277244053,Gelderland,0.092391
900439277244053,Groningen,0.030197
900439277244053,Limburg,0.046543
900439277244053,North Brabant,0.111978
900439277244053,Noord-Holland,0.282045
900439277244053,Utrecht,0.079021
900439277244053,Zeeland,0.015074
900439277244053,Zuid-Holland,0.211354
900439277244053,Overijssel,0.057897
900439277244053,Flevoland,0.023764
1525964154415380,Friesland,0.020772
1525964154415380,Gelderland,0.020772
1525964154415380,Noord-Holland,0.804154
1525964154415380,Utrecht,0.011869
1525964154415380,Zuid-Holland,0.005935
1525964154415380,Flevoland,0.136499
1525964154415380,Zeeland,0
1525964154415380,Limburg,0
1525964154415380,Groningen,0
1525964154415380,North Brabant,0
1525964154415380,Overijssel,0
932842390774325,Drenthe,0.049206
932842390774325,Friesland,0.062857
932842390774325,Gelderland,0.15873
932842390774325,Groningen,0.053016
932842390774325,Limburg,0.052381
932842390774325,North Brabant,0.117778
932842390774325,Noord-Holland,0.08254
932842390774325,Utrecht,0.065079
932842390774325,Zeeland,0.030159
932842390774325,Zuid-Holland,0.17619
932842390774325,Overijssel,0.120635
932842390774325,Flevoland,0.031429
313824263856927,Drenthe,0.030635
313824263856927,Friesland,0.09628
313824263856927,Gelderland,0.059081
313824263856927,Groningen,0.065646
313824263856927,Limburg,0.185996
313824263856927,North Brabant,0.19256
313824263856927,Noord-Holland,0.089716
313824263856927,Utrecht,0.026258
313824263856927,Zeeland,0.028446
313824263856927,Zuid-Holland,0.146608
313824263856927,Overijssel,0.065646
313824263856927,Flevoland,0.013129
2958625554418803,Drenthe,0.03928
2958625554418803,Friesland,0.046777
2958625554418803,Gelderland,0.109445
2958625554418803,Groningen,0.033883
2958625554418803,Limburg,0.098951
2958625554418803,North Brabant,0.122639
2958625554418803,Noord-Holland,0.16012
2958625554418803,Utrecht,0.047976
2958625554418803,Zeeland,0.030585
2958625554418803,Zuid-Holland,0.208996
2958625554418803,Overijssel,0.074063
2958625554418803,Flevoland,0.027286
169517148503796,Drenthe,0.022088
169517148503796,Friesland,0.028112
169517148503796,Gelderland,0.110442
169517148503796,Groningen,0.046185
169517148503796,Limburg,0.042169
169517148503796,North Brabant,0.126506
169517148503796,Noord-Holland,0.184739
169517148503796,Utrecht,0.056225
169517148503796,Zeeland,0.012048
169517148503796,Zuid-Holland,0.283133
169517148503796,Overijssel,0.056225
169517148503796,Flevoland,0.032129
546251503056885,Drenthe,0.022411
546251503056885,Friesland,0.031856
546251503056885,Gelderland,0.11483
546251503056885,Groningen,0.0325
546251503056885,Limburg,0.060167
546251503056885,North Brabant,0.134697
546251503056885,Noord-Holland,0.191202
546251503056885,Utrecht,0.07527
546251503056885,Zeeland,0.019291
546251503056885,Zuid-Holland,0.223707
546251503056885,Overijssel,0.067702
546251503056885,Flevoland,0.026367
129829332561530,Unknown,0.016282
129829332561530,Noord-Holland,0.983718
129829332561530,Zeeland,0
129829332561530,Limburg,0
129829332561530,Groningen,0
129829332561530,Flevoland,0
129829332561530,Gelderland,0
129829332561530,Zuid-Holland,0
129829332561530,Utrecht,0
129829332561530,Friesland,0
129829332561530,North Brabant,0
129829332561530,Overijssel,0
4004735392958144,Drenthe,0.070496
4004735392958144,Friesland,0.0953
4004735392958144,Gelderland,0.097911
4004735392958144,Groningen,0.063969
4004735392958144,Limburg,0.154047
4004735392958144,North Brabant,0.0953
4004735392958144,Noord-Holland,0.096606
4004735392958144,Utrecht,0.019582
4004735392958144,Zeeland,0.02611
4004735392958144,Zuid-Holland,0.143603
4004735392958144,Overijssel,0.117493
4004735392958144,Flevoland,0.019582
488000739194675,Zeeland,1
488000739194675,Limburg,0
488000739194675,Noord-Holland,0
488000739194675,Groningen,0
488000739194675,Gelderland,0
488000739194675,Flevoland,0
488000739194675,Zuid-Holland,0
488000739194675,Utrecht,0
488000739194675,Friesland,0
488000739194675,North Brabant,0
488000739194675,Overijssel,0
387021415840885,Drenthe,0.066126
387021415840885,Friesland,0.064846
387021415840885,Gelderland,0.114334
387021415840885,Groningen,0.065273
387021415840885,Limburg,0.06442
387021415840885,North Brabant,0.12372
387021415840885,Noord-Holland,0.150597
387021415840885,Utrecht,0.055887
387021415840885,Zeeland,0.023464
387021415840885,Zuid-Holland,0.165956
387021415840885,Overijssel,0.080631
387021415840885,Flevoland,0.024744
182377217067327,Drenthe,0.036496
182377217067327,Friesland,0.046403
182377217067327,Gelderland,0.120047
182377217067327,Groningen,0.036236
182377217067327,Limburg,0.084593
182377217067327,North Brabant,0.154067
182377217067327,Noord-Holland,0.109619
182377217067327,Utrecht,0.063087
182377217067327,Zeeland,0.02268
182377217067327,Zuid-Holland,0.211027
182377217067327,Overijssel,0.089937
182377217067327,Flevoland,0.025808
927652364755813,Drenthe,0.043561
927652364755813,Friesland,0.056851
927652364755813,Gelderland,0.124881
927652364755813,Groningen,0.051471
927652364755813,Limburg,0.059909
927652364755813,North Brabant,0.115811
927652364755813,Noord-Holland,0.171923
927652364755813,Utrecht,0.076574
927652364755813,Zeeland,0.02215
927652364755813,Zuid-Holland,0.167071
927652364755813,Overijssel,0.085012
927652364755813,Flevoland,0.024786
1119102628501562,Drenthe,0.039849
1119102628501562,Friesland,0.062466
1119102628501562,Gelderland,0.128702
1119102628501562,Groningen,0.050081
1119102628501562,Limburg,0.048735
1119102628501562,North Brabant,0.093161
1119102628501562,Noord-Holland,0.204362
1119102628501562,Utrecht,0.08266
1119102628501562,Zeeland,0.015347
1119102628501562,Zuid-Holland,0.172321
1119102628501562,Overijssel,0.079698
1119102628501562,Flevoland,0.022617
149689736998534,Drenthe,0.023696
149689736998534,Friesland,0.030156
149689736998534,Gelderland,0.108188
149689736998534,Groningen,0.031071
149689736998534,Limburg,0.060519
149689736998534,North Brabant,0.15907
149689736998534,Noord-Holland,0.175409
149689736998534,Utrecht,0.066771
149689736998534,Zeeland,0.020329
149689736998534,Zuid-Holland,0.235548
149689736998534,Overijssel,0.064371
149689736998534,Flevoland,0.024871
280284460234974,Drenthe,0.033768
280284460234974,Friesland,0.042654
280284460234974,Gelderland,0.130924
280284460234974,Groningen,0.036137
280284460234974,Limburg,0.052133
280284460234974,North Brabant,0.131517
280284460234974,Noord-Holland,0.17654
280284460234974,Utrecht,0.077607
280284460234974,Zeeland,0.026066
280284460234974,Zuid-Holland,0.203791
280284460234974,Overijssel,0.062204
280284460234974,Flevoland,0.026659
478494690167483,Drenthe,0.033102
478494690167483,Friesland,0.060046
478494690167483,Gelderland,0.120092
478494690167483,Groningen,0.051578
478494690167483,Limburg,0.04311
478494690167483,North Brabant,0.112394
478494690167483,Noord-Holland,0.17321
478494690167483,Utrecht,0.059276
478494690167483,Zeeland,0.036182
478494690167483,Zuid-Holland,0.211701
478494690167483,Overijssel,0.073903
478494690167483,Flevoland,0.025404
483229202814224,Drenthe,0.038563
483229202814224,Friesland,0.062226
483229202814224,Gelderland,0.121385
483229202814224,Groningen,0.050394
483229202814224,Limburg,0.074496
483229202814224,North Brabant,0.089833
483229202814224,Noord-Holland,0.192813
483229202814224,Utrecht,0.065294
483229202814224,Zeeland,0.027607
483229202814224,Zuid-Holland,0.190184
483229202814224,Overijssel,0.064417
483229202814224,Flevoland,0.022787
483771629518322,Drenthe,0.024978
483771629518322,Friesland,0.042945
483771629518322,Gelderland,0.11525
483771629518322,Groningen,0.036372
483771629518322,Limburg,0.051709
483771629518322,North Brabant,0.138913
483771629518322,Noord-Holland,0.178791
483771629518322,Utrecht,0.086328
483771629518322,Zeeland,0.024102
483771629518322,Zuid-Holland,0.216915
483771629518322,Overijssel,0.06135
483771629518322,Flevoland,0.022349
786819222260001,Drenthe,0.029246
786819222260001,Gelderland,0.131078
786819222260001,Groningen,0.034884
786819222260001,Limburg,0.054264
786819222260001,North Brabant,0.131431
786819222260001,Noord-Holland,0.15821
786819222260001,Friesland,0.046864
786819222260001,Utrecht,0.076815
786819222260001,Zeeland,0.030303
786819222260001,Zuid-Holland,0.206836
786819222260001,Overijssel,0.076462
786819222260001,Flevoland,0.023608
1039332780172267,Drenthe,0.032329
1039332780172267,Friesland,0.050705
1039332780172267,Gelderland,0.135673
1039332780172267,Groningen,0.049599
1039332780172267,Limburg,0.062725
1039332780172267,North Brabant,0.107903
1039332780172267,Noord-Holland,0.160542
1039332780172267,Utrecht,0.086212
1039332780172267,Zeeland,0.024454
1039332780172267,Zuid-Holland,0.202542
1039332780172267,Overijssel,0.068251
1039332780172267,Flevoland,0.019066
1658759197648227,Drenthe,0.047431
1658759197648227,Friesland,0.066064
1658759197648227,Gelderland,0.111801
1658759197648227,Groningen,0.05703
1658759197648227,Limburg,0.084698
1658759197648227,North Brabant,0.113495
1658759197648227,Noord-Holland,0.15415
1658759197648227,Utrecht,0.056465
1658759197648227,Zeeland,0.026539
1658759197648227,Zuid-Holland,0.1869
1658759197648227,Overijssel,0.070582
1658759197648227,Flevoland,0.024845
1677206362489154,Drenthe,0.031713
1677206362489154,Friesland,0.051483
1677206362489154,Gelderland,0.131796
1677206362489154,Groningen,0.055189
1677206362489154,Limburg,0.067133
1677206362489154,North Brabant,0.099259
1677206362489154,Noord-Holland,0.170099
1677206362489154,Utrecht,0.081137
1677206362489154,Zeeland,0.035832
1677206362489154,Zuid-Holland,0.199341
1677206362489154,Overijssel,0.053542
1677206362489154,Flevoland,0.023476
866323677281443,Zuid-Holland,1
866323677281443,Zeeland,0
866323677281443,Limburg,0
866323677281443,Noord-Holland,0
866323677281443,Groningen,0
866323677281443,Gelderland,0
866323677281443,Flevoland,0
866323677281443,Utrecht,0
866323677281443,Friesland,0
866323677281443,North Brabant,0
866323677281443,Overijssel,0
204592748103541,Noord-Holland,1
204592748103541,Zeeland,0
204592748103541,Limburg,0
204592748103541,Groningen,0
204592748103541,Gelderland,0
204592748103541,Flevoland,0
204592748103541,Zuid-Holland,0
204592748103541,Utrecht,0
204592748103541,Friesland,0
204592748103541,North Brabant,0
204592748103541,Overijssel,0
2545576809080575,Noord-Holland,1
2545576809080575,Zeeland,0
2545576809080575,Limburg,0
2545576809080575,Groningen,0
2545576809080575,Gelderland,0
2545576809080575,Flevoland,0
2545576809080575,Zuid-Holland,0
2545576809080575,Utrecht,0
2545576809080575,Friesland,0
2545576809080575,North Brabant,0
2545576809080575,Overijssel,0
253879796400737,Drenthe,0.013043
253879796400737,Friesland,0.013043
253879796400737,Gelderland,0.1
253879796400737,Groningen,0.03913
253879796400737,Limburg,0.056522
253879796400737,Utrecht,0.086957
253879796400737,Zeeland,0.008696
253879796400737,Overijssel,0.043478
253879796400737,North Brabant,0.073913
253879796400737,Noord-Holland,0.23913
253879796400737,Zuid-Holland,0.3
253879796400737,Flevoland,0.026087
202039105013369,Groningen,1
202039105013369,Zeeland,0
202039105013369,Limburg,0
202039105013369,Noord-Holland,0
202039105013369,Gelderland,0
202039105013369,Flevoland,0
202039105013369,Zuid-Holland,0
202039105013369,Utrecht,0
202039105013369,Friesland,0
202039105013369,North Brabant,0
202039105013369,Overijssel,0
705078406829627,Zeeland,0.001163
705078406829627,Drenthe,0.12093
705078406829627,Friesland,0.023256
705078406829627,Gelderland,0.131395
705078406829627,Groningen,0.034884
705078406829627,Limburg,0.006977
705078406829627,North Brabant,0.011628
705078406829627,Noord-Holland,0.033721
705078406829627,Utrecht,0.034884
705078406829627,Zuid-Holland,0.023256
705078406829627,Overijssel,0.495349
705078406829627,Flevoland,0.082558
1939268466245038,Noord-Holland,1
1939268466245038,Zeeland,0
1939268466245038,Limburg,0
1939268466245038,Groningen,0
1939268466245038,Gelderland,0
1939268466245038,Flevoland,0
1939268466245038,Zuid-Holland,0
1939268466245038,Utrecht,0
1939268466245038,Friesland,0
1939268466245038,North Brabant,0
1939268466245038,Overijssel,0
2798208100444807,Noord-Holland,1
2798208100444807,Zeeland,0
2798208100444807,Limburg,0
2798208100444807,Groningen,0
2798208100444807,Gelderland,0
2798208100444807,Flevoland,0
2798208100444807,Zuid-Holland,0
2798208100444807,Utrecht,0
2798208100444807,Friesland,0
2798208100444807,North Brabant,0
2798208100444807,Overijssel,0
711019742908749,Noord-Holland,1
711019742908749,Zeeland,0
711019742908749,Limburg,0
711019742908749,Groningen,0
711019742908749,Gelderland,0
711019742908749,Flevoland,0
711019742908749,Zuid-Holland,0
711019742908749,Utrecht,0
711019742908749,Friesland,0
711019742908749,North Brabant,0
711019742908749,Overijssel,0
4044999215560653,Drenthe,0.038549
4044999215560653,Friesland,0.057823
4044999215560653,Gelderland,0.12415
4044999215560653,Groningen,0.055556
4044999215560653,Limburg,0.076531
4044999215560653,North Brabant,0.12415
4044999215560653,Noord-Holland,0.14059
4044999215560653,Utrecht,0.05839
4044999215560653,Zeeland,0.030612
4044999215560653,Zuid-Holland,0.18254
4044999215560653,Overijssel,0.081633
4044999215560653,Flevoland,0.029478
538818013753806,Drenthe,0.025062
538818013753806,Friesland,0.035597
538818013753806,Gelderland,0.124424
538818013753806,Groningen,0.041068
538818013753806,Limburg,0.05557
538818013753806,North Brabant,0.13619
538818013753806,Noord-Holland,0.181033
538818013753806,Utrecht,0.066906
538818013753806,Zeeland,0.02149
538818013753806,Zuid-Holland,0.217909
538818013753806,Overijssel,0.071266
538818013753806,Flevoland,0.023485
214728177008804,Drenthe,0.036199
214728177008804,Friesland,0.031674
214728177008804,Gelderland,0.072398
214728177008804,Groningen,0.054299
214728177008804,Limburg,0.049774
214728177008804,North Brabant,0.176471
214728177008804,Noord-Holland,0.131222
214728177008804,Utrecht,0.090498
214728177008804,Zuid-Holland,0.21267
214728177008804,Overijssel,0.085973
214728177008804,Flevoland,0.036199
214728177008804,Zeeland,0.022624
2796273940627201,Drenthe,0.025593
2796273940627201,Gelderland,0.099973
2796273940627201,Groningen,0.030658
2796273940627201,Limburg,0.063716
2796273940627201,North Brabant,0.135431
2796273940627201,Noord-Holland,0.174354
2796273940627201,Utrecht,0.065583
2796273940627201,Zeeland,0.023194
2796273940627201,Zuid-Holland,0.244735
2796273940627201,Overijssel,0.073847
2796273940627201,Flevoland,0.030125
2796273940627201,Friesland,0.032791
1217795991973567,Drenthe,0.031179
1217795991973567,Friesland,0.026806
1217795991973567,Gelderland,0.140684
1217795991973567,Groningen,0.027947
1217795991973567,Limburg,0.074335
1217795991973567,North Brabant,0.226046
1217795991973567,Noord-Holland,0.123764
1217795991973567,Utrecht,0.060837
1217795991973567,Zeeland,0.028897
1217795991973567,Zuid-Holland,0.180228
1217795991973567,Overijssel,0.067681
1217795991973567,Flevoland,0.011597
267935188180973,Drenthe,0.016393
267935188180973,Friesland,0.039344
267935188180973,Gelderland,0.088525
267935188180973,Groningen,0.029508
267935188180973,Limburg,0.091803
267935188180973,North Brabant,0.170492
267935188180973,Noord-Holland,0.186885
267935188180973,Utrecht,0.101639
267935188180973,Zeeland,0.02623
267935188180973,Overijssel,0.04918
267935188180973,Flevoland,0.022951
267935188180973,Zuid-Holland,0.177049
1377575595930710,Utrecht,0.007194
1377575595930710,Drenthe,0.061151
1377575595930710,Friesland,0.172662
1377575595930710,Gelderland,0.133094
1377575595930710,Groningen,0.107914
1377575595930710,Limburg,0.02518
1377575595930710,North Brabant,0.233813
1377575595930710,Noord-Holland,0.043165
1377575595930710,Zeeland,0.079137
1377575595930710,Zuid-Holland,0.010791
1377575595930710,Overijssel,0.082734
1377575595930710,Flevoland,0.043165
235771284907141,Drenthe,0.015967
235771284907141,Friesland,0.019958
235771284907141,Gelderland,0.085345
235771284907141,Groningen,0.010264
235771284907141,Limburg,0.052462
235771284907141,North Brabant,0.119749
235771284907141,Noord-Holland,0.206425
235771284907141,Utrecht,0.054742
235771284907141,Zeeland,0.026801
235771284907141,Zuid-Holland,0.329785
235771284907141,Overijssel,0.052842
235771284907141,Flevoland,0.025661
2695648054007986,Drenthe,0.007679
2695648054007986,Friesland,0.012995
2695648054007986,Gelderland,0.122268
2695648054007986,Groningen,0.004725
2695648054007986,Limburg,0.014176
2695648054007986,North Brabant,0.127584
2695648054007986,Noord-Holland,0.155346
2695648054007986,Utrecht,0.116361
2695648054007986,Zeeland,0.024217
2695648054007986,Zuid-Holland,0.254578
2695648054007986,Overijssel,0.089781
2695648054007986,Flevoland,0.070289
2933486683588187,Drenthe,0.033537
2933486683588187,Friesland,0.043699
2933486683588187,Gelderland,0.227642
2933486683588187,Groningen,0.025407
2933486683588187,Limburg,0.070122
2933486683588187,North Brabant,0.268293
2933486683588187,Noord-Holland,0.063008
2933486683588187,Utrecht,0.036585
2933486683588187,Zeeland,0.054878
2933486683588187,Zuid-Holland,0.086382
2933486683588187,Overijssel,0.07622
2933486683588187,Flevoland,0.014228
4301660326529020,Friesland,0.017865
4301660326529020,Zeeland,0.004254
4301660326529020,Flevoland,0.020417
4301660326529020,Limburg,0.031051
4301660326529020,North Brabant,0.101659
4301660326529020,Noord-Holland,0.294768
4301660326529020,Utrecht,0.073586
4301660326529020,Zuid-Holland,0.321565
4301660326529020,Gelderland,0.047639
4301660326529020,Groningen,0.063803
4301660326529020,Overijssel,0.023394
716219072400160,Drenthe,0.017497
716219072400160,Friesland,0.020188
716219072400160,Gelderland,0.095559
716219072400160,Groningen,0.025572
716219072400160,Limburg,0.055182
716219072400160,North Brabant,0.144011
716219072400160,Noord-Holland,0.235532
716219072400160,Utrecht,0.076716
716219072400160,Zeeland,0.024226
716219072400160,Zuid-Holland,0.235532
716219072400160,Overijssel,0.044415
716219072400160,Flevoland,0.025572
245501640441041,Zuid-Holland,1
245501640441041,Zeeland,0
245501640441041,Limburg,0
245501640441041,Noord-Holland,0
245501640441041,Groningen,0
245501640441041,Gelderland,0
245501640441041,Flevoland,0
245501640441041,Utrecht,0
245501640441041,Friesland,0
245501640441041,North Brabant,0
245501640441041,Overijssel,0
2905246863087899,Zuid-Holland,1
2905246863087899,Zeeland,0
2905246863087899,Limburg,0
2905246863087899,Noord-Holland,0
2905246863087899,Groningen,0
2905246863087899,Gelderland,0
2905246863087899,Flevoland,0
2905246863087899,Utrecht,0
2905246863087899,Friesland,0
2905246863087899,North Brabant,0
2905246863087899,Overijssel,0
1081281532337712,Zuid-Holland,1
1081281532337712,Zeeland,0
1081281532337712,Limburg,0
1081281532337712,Noord-Holland,0
1081281532337712,Groningen,0
1081281532337712,Gelderland,0
1081281532337712,Flevoland,0
1081281532337712,Utrecht,0
1081281532337712,Friesland,0
1081281532337712,North Brabant,0
1081281532337712,Overijssel,0
474579473555218,Zeeland,1
474579473555218,Limburg,0
474579473555218,Noord-Holland,0
474579473555218,Groningen,0
474579473555218,Gelderland,0
474579473555218,Flevoland,0
474579473555218,Zuid-Holland,0
474579473555218,Utrecht,0
474579473555218,Friesland,0
474579473555218,North Brabant,0
474579473555218,Overijssel,0
451970275849723,Zeeland,1
451970275849723,Limburg,0
451970275849723,Noord-Holland,0
451970275849723,Groningen,0
451970275849723,Gelderland,0
451970275849723,Flevoland,0
451970275849723,Zuid-Holland,0
451970275849723,Utrecht,0
451970275849723,Friesland,0
451970275849723,North Brabant,0
451970275849723,Overijssel,0
285958646379412,Drenthe,0.016632
285958646379412,Friesland,0.02079
285958646379412,Gelderland,0.081543
285958646379412,Groningen,0.03003
285958646379412,Limburg,0.058443
285958646379412,North Brabant,0.101409
285958646379412,Noord-Holland,0.227073
285958646379412,Utrecht,0.063063
285958646379412,Zeeland,0.017556
285958646379412,Zuid-Holland,0.316008
285958646379412,Overijssel,0.04158
285958646379412,Flevoland,0.025872
849973765564219,Drenthe,0.031728
849973765564219,Friesland,0.040042
849973765564219,Gelderland,0.125936
849973765564219,Groningen,0.047304
849973765564219,Limburg,0.063056
849973765564219,North Brabant,0.13405
849973765564219,Noord-Holland,0.158315
849973765564219,Utrecht,0.064984
849973765564219,Zeeland,0.021461
849973765564219,Zuid-Holland,0.213132
849973765564219,Overijssel,0.075476
849973765564219,Flevoland,0.024516
3724169681034995,Noord-Holland,1
3724169681034995,Zeeland,0
3724169681034995,Limburg,0
3724169681034995,Groningen,0
3724169681034995,Gelderland,0
3724169681034995,Flevoland,0
3724169681034995,Zuid-Holland,0
3724169681034995,Utrecht,0
3724169681034995,Friesland,0
3724169681034995,North Brabant,0
3724169681034995,Overijssel,0
783794922555581,Noord-Holland,1
783794922555581,Zeeland,0
783794922555581,Limburg,0
783794922555581,Groningen,0
783794922555581,Gelderland,0
783794922555581,Flevoland,0
783794922555581,Zuid-Holland,0
783794922555581,Utrecht,0
783794922555581,Friesland,0
783794922555581,North Brabant,0
783794922555581,Overijssel,0
183062476936334,Zuid-Holland,1
183062476936334,Zeeland,0
183062476936334,Limburg,0
183062476936334,Noord-Holland,0
183062476936334,Groningen,0
183062476936334,Gelderland,0
183062476936334,Flevoland,0
183062476936334,Utrecht,0
183062476936334,Friesland,0
183062476936334,North Brabant,0
183062476936334,Overijssel,0
899670257526493,Zuid-Holland,1
899670257526493,Zeeland,0
899670257526493,Limburg,0
899670257526493,Noord-Holland,0
899670257526493,Groningen,0
899670257526493,Gelderland,0
899670257526493,Flevoland,0
899670257526493,Utrecht,0
899670257526493,Friesland,0
899670257526493,North Brabant,0
899670257526493,Overijssel,0
1282410882143029,Drenthe,0.023908
1282410882143029,Friesland,0.025888
1282410882143029,Gelderland,0.088493
1282410882143029,Groningen,0.022768
1282410882143029,Limburg,0.060535
1282410882143029,North Brabant,0.1301
1282410882143029,Noord-Holland,0.201344
1282410882143029,Utrecht,0.080184
1282410882143029,Zeeland,0.017399
1282410882143029,Zuid-Holland,0.25189
1282410882143029,Overijssel,0.066115
1282410882143029,Flevoland,0.031377
1054297118417663,Drenthe,0.014916
1054297118417663,Friesland,0.01834
1054297118417663,Gelderland,0.088
1054297118417663,Groningen,0.021366
1054297118417663,Limburg,0.057495
1054297118417663,North Brabant,0.137517
1054297118417663,Noord-Holland,0.198129
1054297118417663,Utrecht,0.073787
1054297118417663,Zeeland,0.014244
1054297118417663,Zuid-Holland,0.296705
1054297118417663,Overijssel,0.053796
1054297118417663,Flevoland,0.025706
695410884481950,Drenthe,0.019082
695410884481950,Friesland,0.026715
695410884481950,Gelderland,0.097317
695410884481950,Groningen,0.025255
695410884481950,Limburg,0.07745
695410884481950,North Brabant,0.147155
695410884481950,Noord-Holland,0.17892
695410884481950,Utrecht,0.055786
695410884481950,Zeeland,0.015827
695410884481950,Zuid-Holland,0.272421
695410884481950,Overijssel,0.05949
695410884481950,Flevoland,0.024582
412785226712389,Drenthe,0.011933
412785226712389,Friesland,0.017502
412785226712389,Gelderland,0.082869
412785226712389,Groningen,0.021612
412785226712389,Limburg,0.050119
412785226712389,North Brabant,0.10289
412785226712389,Noord-Holland,0.250994
412785226712389,Utrecht,0.064837
412785226712389,Zeeland,0.013922
412785226712389,Zuid-Holland,0.307876
412785226712389,Overijssel,0.042296
412785226712389,Flevoland,0.033148
743149642980207,Drenthe,0.012562
743149642980207,Friesland,0.014394
743149642980207,Gelderland,0.055483
743149642980207,Groningen,0.014656
743149642980207,Limburg,0.06726
743149642980207,North Brabant,0.117247
743149642980207,Noord-Holland,0.257786
743149642980207,Utrecht,0.105731
743149642980207,Zeeland,0.008636
743149642980207,Zuid-Holland,0.291023
743149642980207,Overijssel,0.022245
743149642980207,Flevoland,0.032976
405368134078471,Drenthe,0.013676
405368134078471,Friesland,0.015702
405368134078471,Gelderland,0.103664
405368134078471,Groningen,0.016039
405368134078471,Limburg,0.060105
405368134078471,North Brabant,0.130002
405368134078471,Noord-Holland,0.185041
405368134078471,Utrecht,0.056222
405368134078471,Zeeland,0.014689
405368134078471,Zuid-Holland,0.310147
405368134078471,Overijssel,0.075637
405368134078471,Flevoland,0.019078
919213611946744,Drenthe,0.032218
919213611946744,Friesland,0.040344
919213611946744,Gelderland,0.097323
919213611946744,Groningen,0.038528
919213611946744,Limburg,0.091683
919213611946744,North Brabant,0.151052
919213611946744,Noord-Holland,0.138815
919213611946744,Utrecht,0.042352
919213611946744,Zeeland,0.023231
919213611946744,Zuid-Holland,0.248375
919213611946744,Overijssel,0.076004
919213611946744,Flevoland,0.020076
3955666211139603,Drenthe,0.020791
3955666211139603,Friesland,0.021652
3955666211139603,Gelderland,0.092966
3955666211139603,Groningen,0.023807
3955666211139603,Limburg,0.079069
3955666211139603,North Brabant,0.148659
3955666211139603,Noord-Holland,0.185393
3955666211139603,Utrecht,0.068297
3955666211139603,Zeeland,0.017128
3955666211139603,Zuid-Holland,0.254982
3955666211139603,Overijssel,0.062803
3955666211139603,Flevoland,0.024453
448005502904255,Drenthe,0.048923
448005502904255,Friesland,0.055316
448005502904255,Gelderland,0.112022
448005502904255,Groningen,0.051703
448005502904255,Limburg,0.090341
448005502904255,North Brabant,0.163725
448005502904255,Noord-Holland,0.098819
448005502904255,Utrecht,0.044614
448005502904255,Zeeland,0.025573
448005502904255,Zuid-Holland,0.183461
448005502904255,Overijssel,0.094232
448005502904255,Flevoland,0.031272
892957241533523,Zuid-Holland,1
892957241533523,Zeeland,0
892957241533523,Limburg,0
892957241533523,Noord-Holland,0
892957241533523,Groningen,0
892957241533523,Gelderland,0
892957241533523,Flevoland,0
892957241533523,Utrecht,0
892957241533523,Friesland,0
892957241533523,North Brabant,0
892957241533523,Overijssel,0
519380479034039,Drenthe,0.013093
519380479034039,Friesland,0.017185
519380479034039,Gelderland,0.096563
519380479034039,Groningen,0.013093
519380479034039,Limburg,0.053191
519380479034039,North Brabant,0.126841
519380479034039,Noord-Holland,0.195581
519380479034039,Utrecht,0.076105
519380479034039,Zeeland,0.009002
519380479034039,Zuid-Holland,0.333879
519380479034039,Overijssel,0.045827
519380479034039,Flevoland,0.01964
410548680178884,Drenthe,0.009259
410548680178884,Friesland,0.027778
410548680178884,Gelderland,0.061111
410548680178884,Groningen,0.014815
410548680178884,Limburg,0.064815
410548680178884,North Brabant,0.116667
410548680178884,Noord-Holland,0.253704
410548680178884,Utrecht,0.090741
410548680178884,Zeeland,0.007407
410548680178884,Zuid-Holland,0.301852
410548680178884,Overijssel,0.018519
410548680178884,Flevoland,0.033333
3802492839808180,Drenthe,0.00544
3802492839808180,Friesland,0.007253
3802492839808180,Gelderland,0.083409
3802492839808180,Groningen,0.010879
3802492839808180,Limburg,0.044424
3802492839808180,North Brabant,0.114234
3802492839808180,Noord-Holland,0.261106
3802492839808180,Utrecht,0.071623
3802492839808180,Zeeland,0.009066
3802492839808180,Zuid-Holland,0.320943
3802492839808180,Overijssel,0.046238
3802492839808180,Flevoland,0.025385
895393397953000,Drenthe,0.007188
895393397953000,Friesland,0.015176
895393397953000,Gelderland,0.091054
895393397953000,Groningen,0.011981
895393397953000,Limburg,0.055911
895393397953000,North Brabant,0.116613
895393397953000,Noord-Holland,0.258786
895393397953000,Utrecht,0.071086
895393397953000,Zeeland,0.008786
895393397953000,Zuid-Holland,0.297923
895393397953000,Overijssel,0.045527
895393397953000,Flevoland,0.019968
3569091739824254,Drenthe,0.007677
3569091739824254,Friesland,0.009724
3569091739824254,Gelderland,0.107984
3569091739824254,Groningen,0.011771
3569091739824254,Limburg,0.049642
3569091739824254,North Brabant,0.121801
3569091739824254,Noord-Holland,0.17912
3569091739824254,Utrecht,0.069601
3569091739824254,Zeeland,0.015353
3569091739824254,Zuid-Holland,0.360287
3569091739824254,Overijssel,0.053224
3569091739824254,Flevoland,0.013818
702659163973943,Drenthe,0.050505
702659163973943,Friesland,0.049663
702659163973943,Gelderland,0.106902
702659163973943,Groningen,0.047138
702659163973943,Limburg,0.071549
702659163973943,North Brabant,0.136364
702659163973943,Noord-Holland,0.121212
702659163973943,Utrecht,0.048822
702659163973943,Zeeland,0.031987
702659163973943,Zuid-Holland,0.226431
702659163973943,Overijssel,0.074074
702659163973943,Flevoland,0.035354
147367780228295,Drenthe,0.050542
147367780228295,Friesland,0.055493
147367780228295,Gelderland,0.139144
147367780228295,Groningen,0.04755
147367780228295,Limburg,0.075193
147367780228295,North Brabant,0.140485
147367780228295,Noord-Holland,0.104177
147367780228295,Utrecht,0.050851
147367780228295,Zeeland,0.031769
147367780228295,Zuid-Holland,0.181846
147367780228295,Overijssel,0.092109
147367780228295,Flevoland,0.030841
2539527983014000,Drenthe,0.057293
2539527983014000,Friesland,0.065004
2539527983014000,Gelderland,0.145218
2539527983014000,Groningen,0.052336
2539527983014000,Limburg,0.088825
2539527983014000,North Brabant,0.14851
2539527983014000,Noord-Holland,0.092661
2539527983014000,Utrecht,0.04652
2539527983014000,Zeeland,0.029116
2539527983014000,Zuid-Holland,0.149354
2539527983014000,Overijssel,0.101417
2539527983014000,Flevoland,0.023746
142029571012878,Unknown,3.6E-5
142029571012878,Drenthe,0.037245
142029571012878,Friesland,0.045081
142029571012878,Gelderland,0.122281
142029571012878,Groningen,0.037485
142029571012878,Limburg,0.072641
142029571012878,North Brabant,0.146486
142029571012878,Noord-Holland,0.142566
142029571012878,Utrecht,0.054376
142029571012878,Zeeland,0.024003
142029571012878,Zuid-Holland,0.216106
142029571012878,Overijssel,0.078665
142029571012878,Flevoland,0.02303
1868855126600766,Drenthe,0.035444
1868855126600766,Friesland,0.045369
1868855126600766,Gelderland,0.124764
1868855126600766,Groningen,0.041115
1868855126600766,Limburg,0.049149
1868855126600766,North Brabant,0.121928
1868855126600766,Noord-Holland,0.168715
1868855126600766,Utrecht,0.070888
1868855126600766,Zeeland,0.023157
1868855126600766,Zuid-Holland,0.219282
1868855126600766,Overijssel,0.072306
1868855126600766,Flevoland,0.027883
421562718977621,Drenthe,0.026074
421562718977621,Friesland,0.06135
421562718977621,Gelderland,0.133436
421562718977621,Groningen,0.039877
421562718977621,Limburg,0.050613
421562718977621,North Brabant,0.118098
421562718977621,Noord-Holland,0.177914
421562718977621,Utrecht,0.065951
421562718977621,Zeeland,0.010736
421562718977621,Zuid-Holland,0.216258
421562718977621,Overijssel,0.076687
421562718977621,Flevoland,0.023006
228352898645059,Drenthe,0.044274
228352898645059,Friesland,0.059801
228352898645059,Gelderland,0.133475
228352898645059,Groningen,0.04709
228352898645059,Limburg,0.078908
228352898645059,North Brabant,0.134605
228352898645059,Noord-Holland,0.121703
228352898645059,Utrecht,0.054138
228352898645059,Zeeland,0.028731
228352898645059,Zuid-Holland,0.190493
228352898645059,Overijssel,0.081406
228352898645059,Flevoland,0.025375
1222764858120378,Unknown,9.0E-6
1222764858120378,Drenthe,0.039209
1222764858120378,Friesland,0.050066
1222764858120378,Gelderland,0.113454
1222764858120378,Groningen,0.046216
1222764858120378,Limburg,0.073673
1222764858120378,North Brabant,0.126931
1222764858120378,Noord-Holland,0.141901
1222764858120378,Utrecht,0.066504
1222764858120378,Zeeland,0.025058
1222764858120378,Zuid-Holland,0.215481
1222764858120378,Overijssel,0.073571
1222764858120378,Flevoland,0.027926
3526316284142931,Drenthe,0.046486
3526316284142931,Friesland,0.06089
3526316284142931,Gelderland,0.1315
3526316284142931,Groningen,0.048839
3526316284142931,Limburg,0.077035
3526316284142931,North Brabant,0.135036
3526316284142931,Noord-Holland,0.119405
3526316284142931,Utrecht,0.055242
3526316284142931,Zeeland,0.028853
3526316284142931,Zuid-Holland,0.186184
3526316284142931,Overijssel,0.083964
3526316284142931,Flevoland,0.026565
2784358831805009,Drenthe,0.039644
2784358831805009,Friesland,0.056422
2784358831805009,Gelderland,0.11804
2784358831805009,Groningen,0.051076
2784358831805009,Limburg,0.065924
2784358831805009,North Brabant,0.132146
2784358831805009,Noord-Holland,0.130809
2784358831805009,Utrecht,0.055234
2784358831805009,Zeeland,0.032368
2784358831805009,Zuid-Holland,0.214105
2784358831805009,Overijssel,0.071269
2784358831805009,Flevoland,0.032962
879420742865187,Zuid-Holland,1
879420742865187,Zeeland,0
879420742865187,Limburg,0
879420742865187,Noord-Holland,0
879420742865187,Groningen,0
879420742865187,Gelderland,0
879420742865187,Flevoland,0
879420742865187,Utrecht,0
879420742865187,Friesland,0
879420742865187,North Brabant,0
879420742865187,Overijssel,0
421209305683508,Drenthe,0.025424
421209305683508,Friesland,0.026898
421209305683508,Gelderland,0.114959
421209305683508,Groningen,0.033898
421209305683508,Limburg,0.061901
421209305683508,North Brabant,0.169492
421209305683508,Noord-Holland,0.146647
421209305683508,Utrecht,0.072218
421209305683508,Zeeland,0.020634
421209305683508,Zuid-Holland,0.245026
421209305683508,Overijssel,0.063375
421209305683508,Flevoland,0.019528
644700949548720,Drenthe,0.063616
644700949548720,Friesland,0.051913
644700949548720,Gelderland,0.137134
644700949548720,Groningen,0.059865
644700949548720,Limburg,0.094224
644700949548720,North Brabant,0.145386
644700949548720,Noord-Holland,0.100375
644700949548720,Utrecht,0.034209
644700949548720,Zeeland,0.033158
644700949548720,Zuid-Holland,0.15814
644700949548720,Overijssel,0.103526
644700949548720,Flevoland,0.018155
644700949548720,Nordrhein-Westfalen,0.0003
362699704791282,Drenthe,0.066622
362699704791282,Friesland,0.052047
362699704791282,Gelderland,0.132067
362699704791282,Groningen,0.055875
362699704791282,Limburg,0.083039
362699704791282,North Brabant,0.144508
362699704791282,Noord-Holland,0.109614
362699704791282,Utrecht,0.036219
362699704791282,Zeeland,0.034379
362699704791282,Zuid-Holland,0.166299
362699704791282,Overijssel,0.100118
362699704791282,Flevoland,0.019214
773203033530885,Drenthe,0.031323
773203033530885,Friesland,0.023131
773203033530885,Gelderland,0.112144
773203033530885,Groningen,0.030153
773203033530885,Limburg,0.09218
773203033530885,North Brabant,0.177475
773203033530885,Noord-Holland,0.148837
773203033530885,Utrecht,0.041236
773203033530885,Zeeland,0.028776
773203033530885,Zuid-Holland,0.218505
773203033530885,Overijssel,0.067672
773203033530885,Flevoland,0.028569
993200927852300,Drenthe,0.023909
993200927852300,Friesland,0.007564
993200927852300,Gelderland,0.173187
993200927852300,Groningen,0.001652
993200927852300,Limburg,0.013041
993200927852300,North Brabant,0.228047
993200927852300,Noord-Holland,0.136237
993200927852300,Utrecht,0.083812
993200927852300,Zeeland,0.009477
993200927852300,Zuid-Holland,0.27543
993200927852300,Overijssel,0.036168
993200927852300,Flevoland,0.011476
1345004215852425,Drenthe,0.030784
1345004215852425,Friesland,0.037313
1345004215852425,Gelderland,0.096082
1345004215852425,Groningen,0.033582
1345004215852425,Limburg,0.086754
1345004215852425,North Brabant,0.142724
1345004215852425,Noord-Holland,0.166978
1345004215852425,Utrecht,0.063433
1345004215852425,Zeeland,0.028918
1345004215852425,Zuid-Holland,0.231343
1345004215852425,Overijssel,0.061567
1345004215852425,Flevoland,0.020522
2814797712172241,Drenthe,0.067078
2814797712172241,Friesland,0.05783
2814797712172241,Gelderland,0.126264
2814797712172241,Groningen,0.063625
2814797712172241,Limburg,0.086806
2814797712172241,North Brabant,0.132922
2814797712172241,Noord-Holland,0.094575
2814797712172241,Utrecht,0.035265
2814797712172241,Zeeland,0.035882
2814797712172241,Zuid-Holland,0.165351
2814797712172241,Overijssel,0.110604
2814797712172241,Flevoland,0.023674
2814797712172241,Nordrhein-Westfalen,0.000123
1076915286077443,Drenthe,0.020082
1076915286077443,Friesland,0.02485
1076915286077443,Gelderland,0.100302
1076915286077443,Groningen,0.02644
1076915286077443,Limburg,0.05749
1076915286077443,North Brabant,0.141525
1076915286077443,Noord-Holland,0.207386
1076915286077443,Utrecht,0.066285
1076915286077443,Zeeland,0.018863
1076915286077443,Zuid-Holland,0.256451
1076915286077443,Overijssel,0.055794
1076915286077443,Flevoland,0.024532
2830709913827270,Drenthe,0.018398
2830709913827270,Friesland,0.041126
2830709913827270,Gelderland,0.30303
2830709913827270,Groningen,0.044372
2830709913827270,Limburg,0.069264
2830709913827270,North Brabant,0.112554
2830709913827270,Noord-Holland,0.08658
2830709913827270,Utrecht,0.048701
2830709913827270,Zeeland,0.025974
2830709913827270,Zuid-Holland,0.191558
2830709913827270,Overijssel,0.049784
2830709913827270,Flevoland,0.008658
292686735029099,Drenthe,0.025094
292686735029099,Friesland,0.029784
292686735029099,Gelderland,0.105535
292686735029099,Groningen,0.030722
292686735029099,Limburg,0.06637
292686735029099,North Brabant,0.137899
292686735029099,Noord-Holland,0.172842
292686735029099,Utrecht,0.060507
292686735029099,Zeeland,0.019465
292686735029099,Zuid-Holland,0.251876
292686735029099,Overijssel,0.075281
292686735029099,Flevoland,0.024625
693165078072526,Drenthe,0.040842
693165078072526,Friesland,0.049532
693165078072526,Gelderland,0.123491
693165078072526,Groningen,0.044318
693165078072526,Limburg,0.071063
693165078072526,North Brabant,0.113257
693165078072526,Noord-Holland,0.163947
693165078072526,Utrecht,0.048566
693165078072526,Zeeland,0.037076
693165078072526,Zuid-Holland,0.210003
693165078072526,Overijssel,0.069808
693165078072526,Flevoland,0.028097
1258293371236493,Drenthe,0.030741
1258293371236493,Friesland,0.065099
1258293371236493,Gelderland,0.108499
1258293371236493,Groningen,0.061483
1258293371236493,Limburg,0.056058
1258293371236493,North Brabant,0.113924
1258293371236493,Noord-Holland,0.139241
1258293371236493,Utrecht,0.037975
1258293371236493,Zeeland,0.028933
1258293371236493,Zuid-Holland,0.264014
1258293371236493,Overijssel,0.061483
1258293371236493,Flevoland,0.03255
342798200333745,Groningen,1
342798200333745,Zeeland,0
342798200333745,Limburg,0
342798200333745,Noord-Holland,0
342798200333745,Gelderland,0
342798200333745,Flevoland,0
342798200333745,Zuid-Holland,0
342798200333745,Utrecht,0
342798200333745,Friesland,0
342798200333745,North Brabant,0
342798200333745,Overijssel,0
1240116123020019,Limburg,0.287581
1240116123020019,Noord-Holland,0.020738
1240116123020019,Utrecht,0.139899
1240116123020019,Zuid-Holland,0.551782
1240116123020019,Zeeland,0
1240116123020019,Groningen,0
1240116123020019,Gelderland,0
1240116123020019,Flevoland,0
1240116123020019,Friesland,0
1240116123020019,North Brabant,0
1240116123020019,Overijssel,0
336523221016988,Drenthe,0.040008
336523221016988,Friesland,0.061828
336523221016988,Gelderland,0.131692
336523221016988,Groningen,0.049245
336523221016988,Limburg,0.057653
336523221016988,North Brabant,0.123456
336523221016988,Noord-Holland,0.154084
336523221016988,Utrecht,0.059025
336523221016988,Zeeland,0.028169
336523221016988,Zuid-Holland,0.187886
336523221016988,Overijssel,0.086136
336523221016988,Flevoland,0.020819
239097344156519,Limburg,0.292419
239097344156519,Noord-Holland,0.021136
239097344156519,Utrecht,0.146419
239097344156519,Zuid-Holland,0.540027
239097344156519,Zeeland,0
239097344156519,Groningen,0
239097344156519,Gelderland,0
239097344156519,Flevoland,0
239097344156519,Friesland,0
239097344156519,North Brabant,0
239097344156519,Overijssel,0
845655732843719,Drenthe,0.033119
845655732843719,Friesland,0.043994
845655732843719,Gelderland,0.106278
845655732843719,Groningen,0.041522
845655732843719,Limburg,0.070687
845655732843719,North Brabant,0.105289
845655732843719,Noord-Holland,0.201681
845655732843719,Utrecht,0.078596
845655732843719,Zeeland,0.022739
845655732843719,Zuid-Holland,0.210578
845655732843719,Overijssel,0.064261
845655732843719,Flevoland,0.021256
627951001452820,Drenthe,0.034627
627951001452820,Friesland,0.065582
627951001452820,Gelderland,0.281742
627951001452820,Groningen,0.067156
627951001452820,Limburg,0.09234
627951001452820,North Brabant,0.086569
627951001452820,Noord-Holland,0.08447
627951001452820,Utrecht,0.041973
627951001452820,Zeeland,0.020986
627951001452820,Zuid-Holland,0.160021
627951001452820,Overijssel,0.053515
627951001452820,Flevoland,0.011018
324431325227688,Drenthe,0.023772
324431325227688,Friesland,0.023772
324431325227688,Gelderland,0.115161
324431325227688,Groningen,0.035922
324431325227688,Limburg,0.067089
324431325227688,North Brabant,0.138933
324431325227688,Noord-Holland,0.173798
324431325227688,Utrecht,0.060222
324431325227688,Zeeland,0.018489
324431325227688,Zuid-Holland,0.260961
324431325227688,Overijssel,0.059694
324431325227688,Flevoland,0.022187
334642650863290,Drenthe,0.01278
334642650863290,Friesland,0.031949
334642650863290,Gelderland,0.116613
334642650863290,Groningen,0.025559
334642650863290,Limburg,0.052716
334642650863290,North Brabant,0.102236
334642650863290,Noord-Holland,0.228435
334642650863290,Utrecht,0.071885
334642650863290,Zeeland,0.015974
334642650863290,Zuid-Holland,0.279553
334642650863290,Overijssel,0.038339
334642650863290,Flevoland,0.023962
646253985967142,Drenthe,0.018576
646253985967142,Friesland,0.034056
646253985967142,Gelderland,0.095975
646253985967142,Groningen,0.043344
646253985967142,Limburg,0.04644
646253985967142,North Brabant,0.151703
646253985967142,Noord-Holland,0.232198
646253985967142,Utrecht,0.074303
646253985967142,Zeeland,0.009288
646253985967142,Zuid-Holland,0.229102
646253985967142,Overijssel,0.04644
646253985967142,Flevoland,0.018576
839801103212562,Drenthe,0.018868
839801103212562,Friesland,0.028302
839801103212562,Gelderland,0.122642
839801103212562,Groningen,0.021226
839801103212562,Limburg,0.058962
839801103212562,North Brabant,0.120283
839801103212562,Noord-Holland,0.200472
839801103212562,Utrecht,0.04717
839801103212562,Zeeland,0.016509
839801103212562,Zuid-Holland,0.285377
839801103212562,Overijssel,0.051887
839801103212562,Flevoland,0.028302
898510480634923,Drenthe,0.013544
898510480634923,Friesland,0.021445
898510480634923,Gelderland,0.11851
898510480634923,Groningen,0.029345
898510480634923,Limburg,0.054176
898510480634923,North Brabant,0.116253
898510480634923,Noord-Holland,0.223476
898510480634923,Utrecht,0.082393
898510480634923,Zeeland,0.025959
898510480634923,Zuid-Holland,0.248307
898510480634923,Overijssel,0.044018
898510480634923,Flevoland,0.022573
1186795351656248,Drenthe,0.03
1186795351656248,Friesland,0.035
1186795351656248,Gelderland,0.105
1186795351656248,Groningen,0.0275
1186795351656248,Limburg,0.06
1186795351656248,North Brabant,0.12
1186795351656248,Noord-Holland,0.22
1186795351656248,Utrecht,0.06
1186795351656248,Zeeland,0.0275
1186795351656248,Zuid-Holland,0.24
1186795351656248,Overijssel,0.0625
1186795351656248,Flevoland,0.0125
1683903585095709,Drenthe,0.016575
1683903585095709,Friesland,0.025257
1683903585095709,Gelderland,0.106551
1683903585095709,Groningen,0.034728
1683903585095709,Limburg,0.052881
1683903585095709,North Brabant,0.112865
1683903585095709,Noord-Holland,0.226519
1683903585095709,Utrecht,0.077348
1683903585095709,Zeeland,0.019732
1683903585095709,Zuid-Holland,0.253354
1683903585095709,Overijssel,0.052092
1683903585095709,Flevoland,0.022099
1147803325561535,Zuid-Holland,1
1147803325561535,Zeeland,0
1147803325561535,Limburg,0
1147803325561535,Noord-Holland,0
1147803325561535,Groningen,0
1147803325561535,Gelderland,0
1147803325561535,Flevoland,0
1147803325561535,Utrecht,0
1147803325561535,Friesland,0
1147803325561535,North Brabant,0
1147803325561535,Overijssel,0
2753072158256028,North Brabant,0.58477
2753072158256028,Flemish Region,0.41523
2753072158256028,Zeeland,0
2753072158256028,Limburg,0
2753072158256028,Noord-Holland,0
2753072158256028,Groningen,0
2753072158256028,Gelderland,0
2753072158256028,Flevoland,0
2753072158256028,Zuid-Holland,0
2753072158256028,Utrecht,0
2753072158256028,Friesland,0
2753072158256028,Overijssel,0
203548080752163,Gelderland,1
203548080752163,Zeeland,0
203548080752163,Limburg,0
203548080752163,Noord-Holland,0
203548080752163,Groningen,0
203548080752163,Flevoland,0
203548080752163,Zuid-Holland,0
203548080752163,Utrecht,0
203548080752163,Friesland,0
203548080752163,North Brabant,0
203548080752163,Overijssel,0
3327051823976757,Drenthe,0.05277
3327051823976757,Friesland,0.097625
3327051823976757,Gelderland,0.137203
3327051823976757,Groningen,0.036939
3327051823976757,Limburg,0.050132
3327051823976757,North Brabant,0.150396
3327051823976757,Noord-Holland,0.110818
3327051823976757,Utrecht,0.047493
3327051823976757,Zeeland,0.036939
3327051823976757,Zuid-Holland,0.158311
3327051823976757,Overijssel,0.08971
3327051823976757,Flevoland,0.031662
169433247622476,Drenthe,0.046243
169433247622476,Friesland,0.05896
169433247622476,Gelderland,0.127168
169433247622476,Groningen,0.046243
169433247622476,Limburg,0.087861
169433247622476,North Brabant,0.187283
169433247622476,Noord-Holland,0.104046
169433247622476,Utrecht,0.041618
169433247622476,Zeeland,0.033526
169433247622476,Zuid-Holland,0.149133
169433247622476,Overijssel,0.087861
169433247622476,Flevoland,0.030058
794736794288195,Drenthe,0.135802
794736794288195,Friesland,0.012346
794736794288195,Gelderland,0.216049
794736794288195,Groningen,0.024691
794736794288195,Limburg,0.012346
794736794288195,North Brabant,0.030864
794736794288195,Noord-Holland,0.049383
794736794288195,Utrecht,0.012346
794736794288195,Zuid-Holland,0.074074
794736794288195,Overijssel,0.41358
794736794288195,Flevoland,0.018519
794736794288195,Zeeland,0
2477005845953551,Drenthe,0.032737
2477005845953551,Friesland,0.046587
2477005845953551,Gelderland,0.123072
2477005845953551,Groningen,0.044402
2477005845953551,Limburg,0.067465
2477005845953551,North Brabant,0.133935
2477005845953551,Noord-Holland,0.154353
2477005845953551,Utrecht,0.057479
2477005845953551,Zeeland,0.022617
2477005845953551,Zuid-Holland,0.213273
2477005845953551,Overijssel,0.07922
2477005845953551,Flevoland,0.024861
358065061786579,Limburg,0.991004
358065061786579,Nordrhein-Westfalen,0.007496
358065061786579,Flemish Region,0.001499
358065061786579,Zeeland,0
358065061786579,Groningen,0
358065061786579,Noord-Holland,0
358065061786579,Flevoland,0
358065061786579,Gelderland,0
358065061786579,Zuid-Holland,0
358065061786579,Utrecht,0
358065061786579,Friesland,0
358065061786579,North Brabant,0
358065061786579,Overijssel,0
354019018623123,Gelderland,1
354019018623123,Zeeland,0
354019018623123,Limburg,0
354019018623123,Noord-Holland,0
354019018623123,Groningen,0
354019018623123,Flevoland,0
354019018623123,Zuid-Holland,0
354019018623123,Utrecht,0
354019018623123,Friesland,0
354019018623123,North Brabant,0
354019018623123,Overijssel,0
685132751904857,Drenthe,0.028233
685132751904857,Friesland,0.040824
685132751904857,Gelderland,0.071347
685132751904857,Groningen,0.03472
685132751904857,Limburg,0.051126
685132751904857,North Brabant,0.073636
685132751904857,Noord-Holland,0.052652
685132751904857,Utrecht,0.030904
685132751904857,Zeeland,0.018314
685132751904857,Zuid-Holland,0.076688
685132751904857,Flevoland,0.011064
685132751904857,Flemish Region,0.468142
685132751904857,Overijssel,0.04235
1251514481672835,Drenthe,0.025272
1251514481672835,Friesland,0.038388
1251514481672835,Gelderland,0.057582
1251514481672835,Groningen,0.028791
1251514481672835,Limburg,0.043186
1251514481672835,North Brabant,0.057901
1251514481672835,Noord-Holland,0.057582
1251514481672835,Utrecht,0.028791
1251514481672835,Zeeland,0.018554
1251514481672835,Zuid-Holland,0.087972
1251514481672835,Overijssel,0.040307
1251514481672835,Flevoland,0.008957
1251514481672835,Flemish Region,0.506718
